{"cameraMode":{"drawMode":0,"name":"Shaded","section":"Shading Mode"},"sceneLighting":true,"audioPlay":false,"sceneViewState":{"showFog":true,"showMaterialUpdate":true,"showSkybox":true,"showFlares":true,"showImageEffects":true,"showParticleSystems":true},"in2DMode":false,"pivot":{"x":2.2519001960754396,"y":2.847024440765381,"z":-0.9193476438522339},"rotation":{"x":0.04557517170906067,"y":-0.6919745802879334,"z":0.03311812877655029,"w":0.7208847403526306},"size":11.020914077758789,"orthographic":true}