{"cameraMode":{"drawMode":0,"name":"Shaded","section":"Shading Mode"},"sceneLighting":false,"audioPlay":false,"sceneViewState":{"showFog":true,"showMaterialUpdate":true,"showSkybox":false,"showFlares":true,"showImageEffects":true,"showParticleSystems":true},"in2DMode":false,"pivot":{"x":8.99441146850586,"y":0.8142369985580444,"z":6.2198100090026859},"rotation":{"x":-0.3696715533733368,"y":0.40883877873420718,"z":-0.17657887935638429,"w":-0.816177248954773},"size":10.122705459594727,"orthographic":true}