{"cameraMode":{"drawMode":0,"name":"Shaded","section":"Shading Mode"},"sceneLighting":true,"audioPlay":false,"sceneViewState":{"showFog":true,"showMaterialUpdate":true,"showSkybox":true,"showFlares":true,"showImageEffects":true,"showParticleSystems":true},"in2DMode":false,"pivot":{"x":-3.3164684772491457,"y":0.3439469337463379,"z":-0.23568293452262879},"rotation":{"x":-0.07151768356561661,"y":-0.8480419516563416,"z":0.15245448052883149,"w":-0.504035472869873},"size":16.8616943359375,"orthographic":true}