{"cameraMode":{"drawMode":0,"name":"Shaded","section":"Shading Mode"},"sceneLighting":true,"audioPlay":false,"sceneViewState":{"showFog":true,"showMaterialUpdate":true,"showSkybox":true,"showFlares":true,"showImageEffects":true,"showParticleSystems":true},"in2DMode":false,"pivot":{"x":1.8111510276794434,"y":-0.3225032091140747,"z":0.6472470164299011},"rotation":{"x":0.25592494010925295,"y":-0.34816110134124758,"z":0.09489932656288147,"w":0.8973120450973511},"size":13.935051918029786,"orthographic":true}