{"cameraMode":{"drawMode":0,"name":"Shaded","section":"Shading Mode"},"sceneLighting":true,"audioPlay":false,"sceneViewState":{"showFog":true,"showMaterialUpdate":true,"showSkybox":true,"showFlares":true,"showImageEffects":true,"showParticleSystems":true},"in2DMode":false,"pivot":{"x":1.7286063432693482,"y":1.431973934173584,"z":1.9265629053115845},"rotation":{"x":-0.09273634105920792,"y":0.9069030284881592,"z":-0.28697314858436587,"w":-0.29471179842948916},"size":9.378119468688965,"orthographic":true}