{"cameraMode":{"drawMode":0,"name":"Shaded","section":"Shading Mode"},"sceneLighting":true,"audioPlay":false,"sceneViewState":{"showFog":true,"showMaterialUpdate":true,"showSkybox":true,"showFlares":true,"showImageEffects":true,"showParticleSystems":true},"in2DMode":false,"pivot":{"x":-1.32763671875,"y":-0.558837890625,"z":-2.0712890625},"rotation":{"x":-0.042105138301849368,"y":0.880753755569458,"z":-0.07975578308105469,"w":-0.46492835879325869},"size":4.238486289978027,"orthographic":true}