{"cameraMode":{"drawMode":0,"name":"Shaded","section":"Shading Mode"},"sceneLighting":false,"audioPlay":false,"sceneViewState":{"showFog":true,"showMaterialUpdate":true,"showSkybox":false,"showFlares":true,"showImageEffects":true,"showParticleSystems":true},"in2DMode":false,"pivot":{"x":2.9802322387695315e-8,"y":0.0,"z":-5.960464477539063e-8},"rotation":{"x":-0.08971114456653595,"y":0.9004842638969421,"z":-0.22519244253635407,"w":-0.36142322421073916},"size":2.4052681922912599,"orthographic":true}