{"cameraMode":{"drawMode":0,"name":"Shaded","section":"Shading Mode"},"sceneLighting":true,"audioPlay":false,"sceneViewState":{"showFog":true,"showMaterialUpdate":true,"showSkybox":true,"showFlares":true,"showImageEffects":true,"showParticleSystems":true},"in2DMode":false,"pivot":{"x":1.999660849571228,"y":0.5668790340423584,"z":0.09309234470129013},"rotation":{"x":0.27303677797317507,"y":-0.06396748870611191,"z":0.007418567780405283,"w":0.9604952931404114},"size":9.937921524047852,"orthographic":true}